{"cameraMode":{"drawMode":0,"name":"Shaded","section":"Shading Mode"},"sceneLighting":false,"audioPlay":false,"sceneViewState":{"showFog":true,"showMaterialUpdate":false,"showSkybox":false,"showFlares":true,"showImageEffects":true,"showParticleSystems":true,"showVisualEffectGraphs":true,"m_FxEnabled":true},"in2DMode":false,"pivot":{"x":-1.7881393432617188e-7,"y":1.2364201545715333,"z":-0.34718573093414309},"rotation":{"x":-0.030258700251579286,"y":-0.9555206894874573,"z":0.2737298607826233,"w":-0.1056220754981041},"size":1.6366181373596192,"orthographic":false}